Country Name,Country Code,Indicator Name,Indicator Code,1960,1961,1962,1963,1964,1965,1966,1967,1968,1969,1970,1971,1972,1973,1974,1975,1976,1977,1978,1979,1980,1981,1982,1983,1984,1985,1986,1987,1988,1989,1990,1991,1992,1993,1994,1995,1996,1997,1998,1999,2000,2001,2002,2003,2004,2005,2006,2007,2008,2009,2010,2011,2012,2013,2014,2015,2016,2017,2018,2019,2020,2021
Aruba,ABW,Poverty headcount ratio at $1.90 a day (2011 PPP) (% of population),SI.POV.DDAY,,,,,,,,,,,,,,,,,,,,,,,,,,,,,,,,,,,,,,,,,,,,,,,,,,,,,,,,,,,,,,
Africa Eastern and Southern,AFE,Poverty headcount ratio at $1.90 a day (2011 PPP) (% of population),SI.POV.DDAY,,,,,,,,,,,,,,,,,,,,,,,,,,,,,,,,,,,,,,,,,,,,,,,,,,,,,,,,,,,,,,
Afghanistan,AFG,Poverty headcount ratio at $1.90 a day (2011 PPP) (% of population),SI.POV.DDAY,,,,,,,,,,,,,,,,,,,,,,,,,,,,,,,,,,,,,,,,,,,,,,,,,,,,,,,,,,,,,,
Africa Western and Central,AFW,Poverty headcount ratio at $1.90 a day (2011 PPP) (% of population),SI.POV.DDAY,,,,,,,,,,,,,,,,,,,,,,,,,,,,,,,,,,,,,,,,,,,,,,,,,,,,,,,,,,,,,,
Angola,AGO,Poverty headcount ratio at $1.90 a day (2011 PPP) (% of population),SI.POV.DDAY,,,,,,,,,,,,,,,,,,,,,,,,,,,,,,,,,,,,,,,,,36.4,,,,,,,,34.4,,,,,,,,,,49.9,,,
Albania,ALB,Poverty headcount ratio at $1.90 a day (2011 PPP) (% of population),SI.POV.DDAY,,,,,,,,,,,,,,,,,,,,,,,,,,,,,,,,,,,,,0.9,,,,,,1.6,,,0.9,,,0.3,,,,0.8,,1.6,0.2,0.4,0.4,0.1,0,,
Andorra,AND,Poverty headcount ratio at $1.90 a day (2011 PPP) (% of population),SI.POV.DDAY,,,,,,,,,,,,,,,,,,,,,,,,,,,,,,,,,,,,,,,,,,,,,,,,,,,,,,,,,,,,,,
Arab World,ARB,Poverty headcount ratio at $1.90 a day (2011 PPP) (% of population),SI.POV.DDAY,,,,,,,,,,,,,,,,,,,,,,,,,,,,,,,,,,,,,,,,,,,,,,,,,,,,,,,,,,,,,,
United Arab Emirates,ARE,Poverty headcount ratio at $1.90 a day (2011 PPP) (% of population),SI.POV.DDAY,,,,,,,,,,,,,,,,,,,,,,,,,,,,,,,,,,,,,,,,,,,,,,,,,,,,,,0,,,,,0,,,
Argentina,ARG,Poverty headcount ratio at $1.90 a day (2011 PPP) (% of population),SI.POV.DDAY,,,,,,,,,,,,,,,,,,,,,0.5,,,,,,1.2,1.4,,,,1.3,2.5,2.8,2.7,4.9,5.3,4.8,5.6,5.5,6.8,10.7,16.9,7.9,5.7,4.2,3.3,2.6,2.5,2.3,1.4,1.1,1.2,1,0.9,,1.1,0.9,1.4,1.3,1.6,
Armenia,ARM,Poverty headcount ratio at $1.90 a day (2011 PPP) (% of population),SI.POV.DDAY,,,,,,,,,,,,,,,,,,,,,,,,,,,,,,,,,,,,,,,,12.2,,14.4,10.5,7.9,5.5,2.7,2.1,1.6,0.9,1.3,1,1.2,0.9,1.8,1.5,1.3,1.2,0.9,1.4,1.1,0.4,
American Samoa,ASM,Poverty headcount ratio at $1.90 a day (2011 PPP) (% of population),SI.POV.DDAY,,,,,,,,,,,,,,,,,,,,,,,,,,,,,,,,,,,,,,,,,,,,,,,,,,,,,,,,,,,,,,
Antigua and Barbuda,ATG,Poverty headcount ratio at $1.90 a day (2011 PPP) (% of population),SI.POV.DDAY,,,,,,,,,,,,,,,,,,,,,,,,,,,,,,,,,,,,,,,,,,,,,,,,,,,,,,,,,,,,,,
Australia,AUS,Poverty headcount ratio at $1.90 a day (2011 PPP) (% of population),SI.POV.DDAY,,,,,,,,,,,,,,,,,,,,,,1,,,,1,,,,0.7,,,,,,0.7,,,,,,0.7,,1,0.5,,,,0.4,,0.3,,,,0.5,,0.5,,0.5,,,
Austria,AUT,Poverty headcount ratio at $1.90 a day (2011 PPP) (% of population),SI.POV.DDAY,,,,,,,,,,,,,,,,,,,,,,,,,,,,0,,,,,,,0.2,1,,0.2,,,0.2,,,0.3,0.1,0.2,0.1,0.4,0.5,0.7,0.5,0.4,0.6,0.3,0.2,0.7,0.7,0.3,0.6,0.6,,
Azerbaijan,AZE,Poverty headcount ratio at $1.90 a day (2011 PPP) (% of population),SI.POV.DDAY,,,,,,,,,,,,,,,,,,,,,,,,,,,,,,,,,,,,7.1,,,,,,2.6,0,0,0,0,,,,,,,,,,,,,,,,
Burundi,BDI,Poverty headcount ratio at $1.90 a day (2011 PPP) (% of population),SI.POV.DDAY,,,,,,,,,,,,,,,,,,,,,,,,,,,,,,,,,81.9,,,,,,84.7,,,,,,,,78.6,,,,,,,72.8,,,,,,,,
Belgium,BEL,Poverty headcount ratio at $1.90 a day (2011 PPP) (% of population),SI.POV.DDAY,,,,,,,,,,,,,,,,,,,,,,,,,,0.2,,,0.5,,,,1,,,0.4,,0.5,,,0.3,,,0.3,0.1,0.2,0.2,0.2,0.1,0.1,0.1,0.2,0.2,0.1,0.1,0.1,0.1,0.1,0.1,0.1,,
Benin,BEN,Poverty headcount ratio at $1.90 a day (2011 PPP) (% of population),SI.POV.DDAY,,,,,,,,,,,,,,,,,,,,,,,,,,,,,,,,,,,,,,,,,,,,51.4,,,,,,,,53.2,,,,49.6,,,19.2,,,
Burkina Faso,BFA,Poverty headcount ratio at $1.90 a day (2011 PPP) (% of population),SI.POV.DDAY,,,,,,,,,,,,,,,,,,,,,,,,,,,,,,,,,,,83.2,,,,81.6,,,,,57.4,,,,,,55.4,,,,,43.8,,,,33.7,,,
Bangladesh,BGD,Poverty headcount ratio at $1.90 a day (2011 PPP) (% of population),SI.POV.DDAY,,,,,,,,,,,,,,,,,,,,,,,,38.8,,34.2,,,43.2,,,43.5,,,,35,,,,,34.2,,,,,25.1,,,,,19.2,,,,,,14.3,,,,,
Bulgaria,BGR,Poverty headcount ratio at $1.90 a day (2011 PPP) (% of population),SI.POV.DDAY,,,,,,,,,,,,,,,,,,,,,,,,,,,,,,,,,,,,,,,,,,,,,,,5.6,1.8,1.2,1.3,2,2.4,2.2,1.8,1.6,3.4,1.9,1.4,0.9,0.9,,
Bahrain,BHR,Poverty headcount ratio at $1.90 a day (2011 PPP) (% of population),SI.POV.DDAY,,,,,,,,,,,,,,,,,,,,,,,,,,,,,,,,,,,,,,,,,,,,,,,,,,,,,,,,,,,,,,
"Bahamas, The",BHS,Poverty headcount ratio at $1.90 a day (2011 PPP) (% of population),SI.POV.DDAY,,,,,,,,,,,,,,,,,,,,,,,,,,,,,,,,,,,,,,,,,,,,,,,,,,,,,,,,,,,,,,
Bosnia and Herzegovina,BIH,Poverty headcount ratio at $1.90 a day (2011 PPP) (% of population),SI.POV.DDAY,,,,,,,,,,,,,,,,,,,,,,,,,,,,,,,,,,,,,,,,,,0.3,,,0.2,,,0.1,,,,0.1,,,,,,,,,,
Belarus,BLR,Poverty headcount ratio at $1.90 a day (2011 PPP) (% of population),SI.POV.DDAY,,,,,,,,,,,,,,,,,,,,,,,,,,,,,,,,,,,,,,,11.8,10.6,7.3,3.2,2.1,1.4,0.3,0.4,0.1,0.1,0,0,0,0,0,0,0,0,0,0,0,0,0,
Belize,BLZ,Poverty headcount ratio at $1.90 a day (2011 PPP) (% of population),SI.POV.DDAY,,,,,,,,,,,,,,,,,,,,,,,,,,,,,,,,,,10.1,9.7,,13.3,16,14.2,13.9,,,,,,,,,,,,,,,,,,,,,,
Bermuda,BMU,Poverty headcount ratio at $1.90 a day (2011 PPP) (% of population),SI.POV.DDAY,,,,,,,,,,,,,,,,,,,,,,,,,,,,,,,,,,,,,,,,,,,,,,,,,,,,,,,,,,,,,,
Bolivia,BOL,Poverty headcount ratio at $1.90 a day (2011 PPP) (% of population),SI.POV.DDAY,,,,,,,,,,,,,,,,,,,,,,,,,,,,,,,,,,,,,,19.3,,25.2,28.6,22.8,24.6,,13.6,19.2,16.1,12.4,11,10.3,,7.2,8.2,6.9,5.7,6.3,7.5,6.5,4.9,3.2,4.4,
Brazil,BRA,Poverty headcount ratio at $1.90 a day (2011 PPP) (% of population),SI.POV.DDAY,,,,,,,,,,,,,,,,,,,,,,21.3,21.7,27.4,26.7,23.1,10.5,17.7,20,18.2,21.5,,20.7,19.8,,12.9,14.1,14,12.7,13.3,,11.5,10.2,11,9.7,8.6,7.2,6.7,5.5,5.4,,4.7,3.9,3.2,2.9,3.4,4.1,4.7,4.7,4.9,1.7,
Barbados,BRB,Poverty headcount ratio at $1.90 a day (2011 PPP) (% of population),SI.POV.DDAY,,,,,,,,,,,,,,,,,,,,,,,,,,,,,,,,,,,,,,,,,,,,,,,,,,,,,,,,,,,,,,
Brunei Darussalam,BRN,Poverty headcount ratio at $1.90 a day (2011 PPP) (% of population),SI.POV.DDAY,,,,,,,,,,,,,,,,,,,,,,,,,,,,,,,,,,,,,,,,,,,,,,,,,,,,,,,,,,,,,,
Bhutan,BTN,Poverty headcount ratio at $1.90 a day (2011 PPP) (% of population),SI.POV.DDAY,,,,,,,,,,,,,,,,,,,,,,,,,,,,,,,,,,,,,,,,,,,,17.8,,,,8.2,,,,,2.2,,,,,1.5,,,,
Botswana,BWA,Poverty headcount ratio at $1.90 a day (2011 PPP) (% of population),SI.POV.DDAY,,,,,,,,,,,,,,,,,,,,,,,,,,40.9,,,,,,,,33.3,,,,,,,,,28.2,,,,,,,17.2,,,,,,14.5,,,,,,
Central African Republic,CAF,Poverty headcount ratio at $1.90 a day (2011 PPP) (% of population),SI.POV.DDAY,,,,,,,,,,,,,,,,,,,,,,,,,,,,,,,,,84.1,,,,,,,,,,,,,,,,65.9,,,,,,,,,,,,,
Canada,CAN,Poverty headcount ratio at $1.90 a day (2011 PPP) (% of population),SI.POV.DDAY,,,,,,,,,,,,2.2,,,,1,,,,,,0.5,,,,,,0.2,,,,0.2,,,0.2,,,0.5,0.5,,0.2,,,,0.2,,,0.2,,,0.2,,0.2,0.5,0.2,0.2,0.2,0.2,,,,
Central Europe and the Baltics,CEB,Poverty headcount ratio at $1.90 a day (2011 PPP) (% of population),SI.POV.DDAY,,,,,,,,,,,,,,,,,,,,,,,,,,,,,,,,,,,,,,,,,,,,,,,,,,,,,,,,,,,,,,
Switzerland,CHE,Poverty headcount ratio at $1.90 a day (2011 PPP) (% of population),SI.POV.DDAY,,,,,,,,,,,,,,,,,,,,,,,0.7,,,,,,,,,,0.5,,,,,,,,0,,0,,,,0,0,0.1,0,0,0,0,0,0,0,0,0,0,,,
Channel Islands,CHI,Poverty headcount ratio at $1.90 a day (2011 PPP) (% of population),SI.POV.DDAY,,,,,,,,,,,,,,,,,,,,,,,,,,,,,,,,,,,,,,,,,,,,,,,,,,,,,,,,,,,,,,
Chile,CHL,Poverty headcount ratio at $1.90 a day (2011 PPP) (% of population),SI.POV.DDAY,,,,,,,,,,,,,,,,,,,,,,,,,,,,11.4,,,7.9,,4.6,,4.9,,3.4,,3.5,,4.3,,,4,,,1.5,,,1.3,,0.6,,0.4,,0.3,,0.3,,,0.7,
China,CHN,Poverty headcount ratio at $1.90 a day (2011 PPP) (% of population),SI.POV.DDAY,,,,,,,,,,,,,,,,,,,,,,,,,,,,,,,66.3,,,56.7,,,41.7,,,40.3,,,31.7,,,18.5,,,14.9,,11.2,7.9,6.5,1.9,1.4,0.7,0.5,0.4,0.3,0.1,,
Cote d'Ivoire,CIV,Poverty headcount ratio at $1.90 a day (2011 PPP) (% of population),SI.POV.DDAY,,,,,,,,,,,,,,,,,,,,,,,,,,7.6,3.5,7.4,11.9,,,,23.7,,,21.6,,,27,,,,24.4,,,,,,30.4,,,,,,,29.8,,,9.2,,,
Cameroon,CMR,Poverty headcount ratio at $1.90 a day (2011 PPP) (% of population),SI.POV.DDAY,,,,,,,,,,,,,,,,,,,,,,,,,,,,,,,,,,,,,51.2,,,,,26,,,,,,31.8,,,,,,,26,,,,,,,
"Congo, Dem. Rep.",COD,Poverty headcount ratio at $1.90 a day (2011 PPP) (% of population),SI.POV.DDAY,,,,,,,,,,,,,,,,,,,,,,,,,,,,,,,,,,,,,,,,,,,,,94.3,,,,,,,,77.2,,,,,,,,,
"Congo, Rep.",COG,Poverty headcount ratio at $1.90 a day (2011 PPP) (% of population),SI.POV.DDAY,,,,,,,,,,,,,,,,,,,,,,,,,,,,,,,,,,,,,,,,,,,,,,55.1,,,,,,39.6,,,,,,,,,,
Colombia,COL,Poverty headcount ratio at $1.90 a day (2011 PPP) (% of population),SI.POV.DDAY,,,,,,,,,,,,,,,,,,,,,,,,,,,,,,,,,9,,,,16.7,,,20.4,16.8,20.1,13.2,12.1,11.2,9.8,,,10.4,9,7.8,6.3,6.2,5.6,5,4.6,4.5,4,4.2,4.9,10.3,
Comoros,COM,Poverty headcount ratio at $1.90 a day (2011 PPP) (% of population),SI.POV.DDAY,,,,,,,,,,,,,,,,,,,,,,,,,,,,,,,,,,,,,,,,,,,,,15,,,,,,,,,,19.1,,,,,,,
Cabo Verde,CPV,Poverty headcount ratio at $1.90 a day (2011 PPP) (% of population),SI.POV.DDAY,,,,,,,,,,,,,,,,,,,,,,,,,,,,,,,,,,,,,,,,,,16.6,,,,,,8.4,,,,,,,,3.4,,,,,,
Costa Rica,CRI,Poverty headcount ratio at $1.90 a day (2011 PPP) (% of population),SI.POV.DDAY,,,,,,,,,,,,,,,,,,,,,,25.2,,,,,13.5,,,10.4,10.2,11.8,9.7,8.1,6.8,7,8.1,6.6,5.1,6.6,6.7,4.9,4.6,4.6,4.4,3.2,3.2,1.8,2.3,2.4,1.5,1.6,1.6,1.6,1.5,1.5,1.3,1.1,1.5,1,2.1,
Caribbean small states,CSS,Poverty headcount ratio at $1.90 a day (2011 PPP) (% of population),SI.POV.DDAY,,,,,,,,,,,,,,,,,,,,,,,,,,,,,,,,,,,,,,,,,,,,,,,,,,,,,,,,,,,,,,
Cuba,CUB,Poverty headcount ratio at $1.90 a day (2011 PPP) (% of population),SI.POV.DDAY,,,,,,,,,,,,,,,,,,,,,,,,,,,,,,,,,,,,,,,,,,,,,,,,,,,,,,,,,,,,,,
Curacao,CUW,Poverty headcount ratio at $1.90 a day (2011 PPP) (% of population),SI.POV.DDAY,,,,,,,,,,,,,,,,,,,,,,,,,,,,,,,,,,,,,,,,,,,,,,,,,,,,,,,,,,,,,,
Cayman Islands,CYM,Poverty headcount ratio at $1.90 a day (2011 PPP) (% of population),SI.POV.DDAY,,,,,,,,,,,,,,,,,,,,,,,,,,,,,,,,,,,,,,,,,,,,,,,,,,,,,,,,,,,,,,
Cyprus,CYP,Poverty headcount ratio at $1.90 a day (2011 PPP) (% of population),SI.POV.DDAY,,,,,,,,,,,,,,,,,,,,,,,,,,,,,,,,,,,,,,,,,,,,,0.1,0,0,0,0,0.1,0,0,0,0.1,0.1,0,0,0,0,0.2,,
Czech Republic,CZE,Poverty headcount ratio at $1.90 a day (2011 PPP) (% of population),SI.POV.DDAY,,,,,,,,,,,,,,,,,,,,,,,,,,,,,,,,,0,0,,,0,,,,,,0,,0,0,0.1,0.1,0,0,0,0,0,0,0,0,0,0,0,0,,
Germany,DEU,Poverty headcount ratio at $1.90 a day (2011 PPP) (% of population),SI.POV.DDAY,,,,,,,,,,,,,,,,,,,,,,,,,,,,,,,,0,0,0,0.2,0.2,0,0,0,0,0,0,0,0,0,0,0,0,0,0,0,0,0,0,0,0,0,0.2,0,,,
Djibouti,DJI,Poverty headcount ratio at $1.90 a day (2011 PPP) (% of population),SI.POV.DDAY,,,,,,,,,,,,,,,,,,,,,,,,,,,,,,,,,,,,,,,,,,,20.2,,,,,,,,,,18.2,22.3,,,,17,,,,
Dominica,DMA,Poverty headcount ratio at $1.90 a day (2011 PPP) (% of population),SI.POV.DDAY,,,,,,,,,,,,,,,,,,,,,,,,,,,,,,,,,,,,,,,,,,,,,,,,,,,,,,,,,,,,,,
Denmark,DNK,Poverty headcount ratio at $1.90 a day (2011 PPP) (% of population),SI.POV.DDAY,,,,,,,,,,,,,,,,,,,,,,,,,,,,0.5,,,,,0.5,,,0,,,,,0,,,0.3,0.3,0.3,0.1,0,0.1,0.5,0.1,0,0,0.3,0.2,0.2,0.3,0.1,0.2,0.3,,
Dominican Republic,DOM,Poverty headcount ratio at $1.90 a day (2011 PPP) (% of population),SI.POV.DDAY,,,,,,,,,,,,,,,,,,,,,,,,,,,5.5,,,14.1,,,5.6,,,,5.3,5.6,,,5.5,4.1,5.9,6.9,9,5.9,4.7,4.5,3.9,3.5,2.7,2.9,2.6,2.2,2.1,1.8,1.6,0.7,0.4,0.6,0.8,
Algeria,DZA,Poverty headcount ratio at $1.90 a day (2011 PPP) (% of population),SI.POV.DDAY,,,,,,,,,,,,,,,,,,,,,,,,,,,,,6.3,,,,,,,5.6,,,,,,,,,,,,,,,,0.4,,,,,,,,,,
East Asia & Pacific (excluding high income),EAP,Poverty headcount ratio at $1.90 a day (2011 PPP) (% of population),SI.POV.DDAY,,,,,,,,,,,,,,,,,,,,,,,,,,,,,,,,,,,,,,,,,,,,,,,,,,,,,,,,,,,,,,
Early-demographic dividend,EAR,Poverty headcount ratio at $1.90 a day (2011 PPP) (% of population),SI.POV.DDAY,,,,,,,,,,,,,,,,,,,,,,,,,,,,,,,,,,,,,,,,,,,,,,,,,,,,,,,,,,,,,,
East Asia & Pacific,EAS,Poverty headcount ratio at $1.90 a day (2011 PPP) (% of population),SI.POV.DDAY,,,,,,,,,,,,,,,,,,,,,,80.2,78,74.8,69.7,65.7,62.8,58.8,53.3,63.4,60.9,58.9,56.1,53.2,49.7,44.6,40.2,40.1,41.4,37.9,34.8,32.7,29.1,25.9,22.5,18.3,17.8,15.7,14.7,12.9,10.8,8.1,6.9,3.3,2.6,2.1,1.7,1.5,1.2,0.9,,
Europe & Central Asia (excluding high income),ECA,Poverty headcount ratio at $1.90 a day (2011 PPP) (% of population),SI.POV.DDAY,,,,,,,,,,,,,,,,,,,,,,,,,,,,,,,,,,,,,,,,,,,,,,,,,,,,,,,,,,,,,,
Europe & Central Asia,ECS,Poverty headcount ratio at $1.90 a day (2011 PPP) (% of population),SI.POV.DDAY,,,,,,,,,,,,,,,,,,,,,,,,,,,,,,,2.3,2.8,4.2,5.1,6.7,6.8,6.8,6,6,7.8,7.4,6.6,5.7,5.8,4.8,4.7,4,3.3,2.7,2.5,2.4,2,1.9,1.6,1.8,1.5,1.3,1.3,1,1.1,,
Ecuador,ECU,Poverty headcount ratio at $1.90 a day (2011 PPP) (% of population),SI.POV.DDAY,,,,,,,,,,,,,,,,,,,,,,,,,,,,,,,,,,,17.3,,,,,21.9,28.4,,,14.9,15.1,11.8,8.2,8.5,7.5,7.3,5.7,4.7,4.5,3.2,2.6,3.5,3.6,3.2,3.3,3.6,6.5,
"Egypt, Arab Rep.",EGY,Poverty headcount ratio at $1.90 a day (2011 PPP) (% of population),SI.POV.DDAY,,,,,,,,,,,,,,,,,,,,,,,,,,,,,,,8.7,,,,,5.6,,,,2.4,,,,,5.2,,,,4.7,,2.2,,1.5,,,1.6,,3.8,,,,
Euro area,EMU,Poverty headcount ratio at $1.90 a day (2011 PPP) (% of population),SI.POV.DDAY,,,,,,,,,,,,,,,,,,,,,,,,,,,,,,,,,,,,,,,,,,,,,,,,,,,,,,,,,,,,,,
Eritrea,ERI,Poverty headcount ratio at $1.90 a day (2011 PPP) (% of population),SI.POV.DDAY,,,,,,,,,,,,,,,,,,,,,,,,,,,,,,,,,,,,,,,,,,,,,,,,,,,,,,,,,,,,,,
Spain,ESP,Poverty headcount ratio at $1.90 a day (2011 PPP) (% of population),SI.POV.DDAY,,,,,,,,,,,,,,,,,,,,,0.5,,,,,0.2,,,,,0.5,,,,,1.2,,,,,0.5,,,0.8,0.8,0.8,0.8,0.4,0.5,0.8,0.7,1.1,0.9,1.2,0.8,0.9,1.2,0.7,0.9,0.8,,
Estonia,EST,Poverty headcount ratio at $1.90 a day (2011 PPP) (% of population),SI.POV.DDAY,,,,,,,,,,,,,,,,,,,,,,,,,,,,,,,,,,,,,,,,,,,,2.3,1,0.8,0.7,0.4,0.4,0.6,0.7,1,0.7,0.8,0.7,0.6,0.5,0.3,0.2,0.5,,
Ethiopia,ETH,Poverty headcount ratio at $1.90 a day (2011 PPP) (% of population),SI.POV.DDAY,,,,,,,,,,,,,,,,,,,,,,,,,,,,,,,,,,,,69,,,,57.8,,,,,38.5,,,,,,35.6,,,,,30.8,,,,,,
European Union,EUU,Poverty headcount ratio at $1.90 a day (2011 PPP) (% of population),SI.POV.DDAY,,,,,,,,,,,,,,,,,,,,,,,,,,,,,,,,,,,,,,,,,,,,,,,,,,,,,,,,,,,,,,
Fragile and conflict affected situations,FCS,Poverty headcount ratio at $1.90 a day (2011 PPP) (% of population),SI.POV.DDAY,,,,,,,,,,,,,,,,,,,,,,,,,,,,,,,,,,57.8,58.4,58.2,57.1,56.3,55.4,54.9,,51.7,50.4,49.2,45.7,43.7,42.3,41,39.7,38.9,37,37.4,36,35,33.9,35.7,35.8,35.5,35,,,
Finland,FIN,Poverty headcount ratio at $1.90 a day (2011 PPP) (% of population),SI.POV.DDAY,,,,,,,,,,,,,,,,,,,,,,,,,,,,0,,,,0,,,,0,,,,,0,,,0,0,0.1,0.1,0.1,0.1,0.1,0,0,0.1,0.1,0.1,0.1,0,0.1,0.1,0,,
Fiji,FJI,Poverty headcount ratio at $1.90 a day (2011 PPP) (% of population),SI.POV.DDAY,,,,,,,,,,,,,,,,,,,,,,,,,,,,,,,,,,,,,,,,,,,2.3,,,,,,1.6,,,,,0.5,,,,,,2.6,,
France,FRA,Poverty headcount ratio at $1.90 a day (2011 PPP) (% of population),SI.POV.DDAY,,,,,,,,,,,,,,,,,,,1,,,,,,1.5,,,,,1,,,,,0,,,,,,0,,,0.2,0,0,0,0,0,0,0.1,0,0.1,0.1,0,0.1,0.1,0,0,,,
Faroe Islands,FRO,Poverty headcount ratio at $1.90 a day (2011 PPP) (% of population),SI.POV.DDAY,,,,,,,,,,,,,,,,,,,,,,,,,,,,,,,,,,,,,,,,,,,,,,,,,,,,,,,,,,,,,,
"Micronesia, Fed. Sts.",FSM,Poverty headcount ratio at $1.90 a day (2011 PPP) (% of population),SI.POV.DDAY,,,,,,,,,,,,,,,,,,,,,,,,,,,,,,,,,,,,,,,,,,,,,,8.1,,,,,,,,15.4,,,,,,,,
Gabon,GAB,Poverty headcount ratio at $1.90 a day (2011 PPP) (% of population),SI.POV.DDAY,,,,,,,,,,,,,,,,,,,,,,,,,,,,,,,,,,,,,,,,,,,,,,8,,,,,,,,,,,,3.4,,,,
United Kingdom,GBR,Poverty headcount ratio at $1.90 a day (2011 PPP) (% of population),SI.POV.DDAY,,,,,,,,,,0.2,,,,,0.2,,,,,0.2,,,,,,,0.7,,,,,0.2,,,0.2,0.2,0.2,0.2,0.2,0.2,0.2,0.2,0.2,0.2,0.4,0.5,0.2,0.3,0.3,0.2,0.1,0.4,0.2,0.2,0.2,0.1,0.2,0.3,,,,
Georgia,GEO,Poverty headcount ratio at $1.90 a day (2011 PPP) (% of population),SI.POV.DDAY,,,,,,,,,,,,,,,,,,,,,,,,,,,,,,,,,,,,,5.3,15.9,14.5,18.5,19.2,19,10.3,10.4,9.9,10.7,10.3,11.6,10.2,10.1,12,11.1,8.5,6.4,4.9,3.7,3.8,5,4.5,3.8,4.2,
Ghana,GHA,Poverty headcount ratio at $1.90 a day (2011 PPP) (% of population),SI.POV.DDAY,,,,,,,,,,,,,,,,,,,,,,,,,,,,40.5,40.3,,,47.9,,,,,,,34.2,,,,,,,23.4,,,,,,,11.2,,,,12.7,,,,,
Gibraltar,GIB,Poverty headcount ratio at $1.90 a day (2011 PPP) (% of population),SI.POV.DDAY,,,,,,,,,,,,,,,,,,,,,,,,,,,,,,,,,,,,,,,,,,,,,,,,,,,,,,,,,,,,,,
Guinea,GIN,Poverty headcount ratio at $1.90 a day (2011 PPP) (% of population),SI.POV.DDAY,,,,,,,,,,,,,,,,,,,,,,,,,,,,,,,,91.8,,,49.8,,,,,,,,63,,,,,58.4,,,,,36.1,,,,,,23.2,,,
"Gambia, The",GMB,Poverty headcount ratio at $1.90 a day (2011 PPP) (% of population),SI.POV.DDAY,,,,,,,,,,,,,,,,,,,,,,,,,,,,,,,,,,,,,,,70.8,,,,,46.1,,,,,,,25.4,,,,,10.3,,,,,,
Guinea-Bissau,GNB,Poverty headcount ratio at $1.90 a day (2011 PPP) (% of population),SI.POV.DDAY,,,,,,,,,,,,,,,,,,,,,,,,,,,,,,,,44.3,,44.1,,,,,,,,,56.6,,,,,,,,68.4,,,,,,,,24.7,,,
Equatorial Guinea,GNQ,Poverty headcount ratio at $1.90 a day (2011 PPP) (% of population),SI.POV.DDAY,,,,,,,,,,,,,,,,,,,,,,,,,,,,,,,,,,,,,,,,,,,,,,,,,,,,,,,,,,,,,,
Greece,GRC,Poverty headcount ratio at $1.90 a day (2011 PPP) (% of population),SI.POV.DDAY,,,,,,,,,,,,,,,,,,,,,,,,,,,,,,,,,,,,1.7,,,,,0.5,,,0.5,0.7,0.3,0.6,0.5,0.3,0.6,1,1.2,1.5,1,1.5,1.4,1.1,0.9,0.1,0.7,,
Grenada,GRD,Poverty headcount ratio at $1.90 a day (2011 PPP) (% of population),SI.POV.DDAY,,,,,,,,,,,,,,,,,,,,,,,,,,,,,,,,,,,,,,,,,,,,,,,,,,,,,,,,,,,,,,
Greenland,GRL,Poverty headcount ratio at $1.90 a day (2011 PPP) (% of population),SI.POV.DDAY,,,,,,,,,,,,,,,,,,,,,,,,,,,,,,,,,,,,,,,,,,,,,,,,,,,,,,,,,,,,,,
Guatemala,GTM,Poverty headcount ratio at $1.90 a day (2011 PPP) (% of population),SI.POV.DDAY,,,,,,,,,,,,,,,,,,,,,,,,,,,48.8,,,36.3,,,,,,,,,13.5,,9.3,,,,,,11.2,,,,,,,,8.8,,,,,,,
Guam,GUM,Poverty headcount ratio at $1.90 a day (2011 PPP) (% of population),SI.POV.DDAY,,,,,,,,,,,,,,,,,,,,,,,,,,,,,,,,,,,,,,,,,,,,,,,,,,,,,,,,,,,,,,
Guyana,GUY,Poverty headcount ratio at $1.90 a day (2011 PPP) (% of population),SI.POV.DDAY,,,,,,,,,,,,,,,,,,,,,,,,,,,,,,,,,28.9,,,,,,11.8,,,,,,,,,,,,,,,,,,,,,,,
High income,HIC,Poverty headcount ratio at $1.90 a day (2011 PPP) (% of population),SI.POV.DDAY,,,,,,,,,,,,,,,,,,,,,,0.7,0.7,0.7,0.7,0.7,0.7,0.7,0.6,0.5,0.5,0.5,0.5,0.6,0.6,0.6,0.6,0.6,0.6,0.5,0.5,0.5,0.5,0.6,0.5,0.5,0.5,0.5,0.5,0.5,0.5,0.5,0.5,0.6,0.6,0.7,0.6,0.7,0.6,0.6,,
"Hong Kong SAR, China",HKG,Poverty headcount ratio at $1.90 a day (2011 PPP) (% of population),SI.POV.DDAY,,,,,,,,,,,,,,,,,,,,,,,,,,,,,,,,,,,,,,,,,,,,,,,,,,,,,,,,,,,,,,
Honduras,HND,Poverty headcount ratio at $1.90 a day (2011 PPP) (% of population),SI.POV.DDAY,,,,,,,,,,,,,,,,,,,,,,,,,,,,,,42.9,45,34.1,29.2,24.3,27,28.2,31.4,21.8,26.6,26.8,,21.9,23.9,28.5,27.7,27.1,23,17.6,16.9,14.2,15.6,16,19,16.4,15.2,14.9,16.1,15.4,15.8,14.8,,
Heavily indebted poor countries (HIPC),HPC,Poverty headcount ratio at $1.90 a day (2011 PPP) (% of population),SI.POV.DDAY,,,,,,,,,,,,,,,,,,,,,,,,,,,,,,,,,,,,,,,,,,,,,,,,,,,,,,,,,,,,,,
Croatia,HRV,Poverty headcount ratio at $1.90 a day (2011 PPP) (% of population),SI.POV.DDAY,,,,,,,,,,,,,,,,,,,,,,,,,,,,,,,,,,,,,,,,,,,,,,,,,,0.9,1.2,0.7,0.8,0.7,1,0.6,0.6,0.5,0.4,0.3,,
Haiti,HTI,Poverty headcount ratio at $1.90 a day (2011 PPP) (% of population),SI.POV.DDAY,,,,,,,,,,,,,,,,,,,,,,,,,,,,,,,,,,,,,,,,,,,,,,,,,,,,,24.5,,,,,,,,,
Hungary,HUN,Poverty headcount ratio at $1.90 a day (2011 PPP) (% of population),SI.POV.DDAY,,,,,,,,,,,,,,,,,,,,,,,,,,,,,,,,,,,,,,,,,,,,,0.1,0.7,0.1,0.1,0,0.1,0.1,0.1,0.3,0.1,0.6,0.6,1.3,0.6,0.2,0.3,,
IBRD only,IBD,Poverty headcount ratio at $1.90 a day (2011 PPP) (% of population),SI.POV.DDAY,,,,,,,,,,,,,,,,,,,,,,,,,,,,,,,,,,,,,,,,,,,,,,,,,,,,,,,,,,,,,,
IDA & IBRD total,IBT,Poverty headcount ratio at $1.90 a day (2011 PPP) (% of population),SI.POV.DDAY,,,,,,,,,,,,,,,,,,,,,,,,,,,,,,,,,,,,,,,,,,,,,,,,,,,,,,,,,,,,,,
IDA total,IDA,Poverty headcount ratio at $1.90 a day (2011 PPP) (% of population),SI.POV.DDAY,,,,,,,,,,,,,,,,,,,,,,,,,,,,,,55.3,55.8,56.1,54.8,54.4,54.3,52.3,51,50.8,50.9,50.8,50.4,49.6,48.8,47.1,43.8,41.6,40,38.3,36.9,36,34.1,33.7,32.4,31.4,30.4,30.6,30.2,29.2,28.3,27.9,,
IDA blend,IDB,Poverty headcount ratio at $1.90 a day (2011 PPP) (% of population),SI.POV.DDAY,,,,,,,,,,,,,,,,,,,,,,,,,,,,,,,,,,,,,,,,,,,,,,,,,,,,,,,,,,,,,,
Indonesia,IDN,Poverty headcount ratio at $1.90 a day (2011 PPP) (% of population),SI.POV.DDAY,,,,,,,,,,,,,,,,,,,,,,,,,68.5,,,68.2,,,54.9,,,54.8,,,43.6,,63.2,37.4,34.9,31.2,19,19.3,21,18,23.9,19.3,19,15.5,13.3,10.9,9.5,7.3,6.2,5.8,5.2,4.5,3.6,2.7,2.3,2.2
IDA only,IDX,Poverty headcount ratio at $1.90 a day (2011 PPP) (% of population),SI.POV.DDAY,,,,,,,,,,,,,,,,,,,,,,,,,,,,,,,,,,,,,,,,,,,,,,,,,,,,,,,,,,,,,,
Isle of Man,IMN,Poverty headcount ratio at $1.90 a day (2011 PPP) (% of population),SI.POV.DDAY,,,,,,,,,,,,,,,,,,,,,,,,,,,,,,,,,,,,,,,,,,,,,,,,,,,,,,,,,,,,,,
India,IND,Poverty headcount ratio at $1.90 a day (2011 PPP) (% of population),SI.POV.DDAY,,,,,,,,,,,,,,,,,,63.1,,,,,,56.4,,,,50.6,,,,,,47.6,,,,,,,,,,,39.9,,,,,32.8,,22.5,,,,,,,,,,
Not classified,INX,Poverty headcount ratio at $1.90 a day (2011 PPP) (% of population),SI.POV.DDAY,,,,,,,,,,,,,,,,,,,,,,,,,,,,,,,,,,,,,,,,,,,,,,,,,,,,,,,,,,,,,,
Ireland,IRL,Poverty headcount ratio at $1.90 a day (2011 PPP) (% of population),SI.POV.DDAY,,,,,,,,,,,,,,,,,,,,,,,,,,,,0.7,,,,,,,0.2,0.2,0.2,,,,0.2,,0.2,0.1,0,0,0.4,0.1,0.2,0.4,0.5,0.5,0.2,0.7,0.4,0.3,0.1,0.2,0,,,
"Iran, Islamic Rep.",IRN,Poverty headcount ratio at $1.90 a day (2011 PPP) (% of population),SI.POV.DDAY,,,,,,,,,,,,,,,,,,,,,,,,,,,6.8,,,,6.2,,,,2.9,,,,2.9,,,,,,,0.6,0.6,,,1.1,,,,0.2,0.4,0.4,0.4,0.4,0.5,0.6,,
Iraq,IRQ,Poverty headcount ratio at $1.90 a day (2011 PPP) (% of population),SI.POV.DDAY,,,,,,,,,,,,,,,,,,,,,,,,,,,,,,,,,,,,,,,,,,,,,,,1.5,,,,,,1.7,,,,,,,,,
Iceland,ISL,Poverty headcount ratio at $1.90 a day (2011 PPP) (% of population),SI.POV.DDAY,,,,,,,,,,,,,,,,,,,,,,,,,,,,,,,,,,,,,,,,,,,,0,0.2,0,0.1,0.1,0.1,0.1,0.1,0.1,0,0,0,0,0,0,,,,
Israel,ISR,Poverty headcount ratio at $1.90 a day (2011 PPP) (% of population),SI.POV.DDAY,,,,,,,,,,,,,,,,,,,,0,,,,,,,0.2,,,,,,0.2,,,,,0.2,,,,0.2,0.5,0.5,0.5,0.5,0.2,0.5,0.5,0.5,0.2,0.2,0.5,0.5,0.5,0.5,0.2,0.5,0.2,,,
Italy,ITA,Poverty headcount ratio at $1.90 a day (2011 PPP) (% of population),SI.POV.DDAY,,,,,,,,,,,,,,,,,,,,,,,,,,,0.2,1.2,,0,,0.2,,1.2,,0.7,,,1.7,,1.2,,,0.8,0.6,0.6,0.7,0.7,0.7,0.9,1.3,1.2,1.2,1.4,1.2,1.9,1.6,1.4,1.5,,,
Jamaica,JAM,Poverty headcount ratio at $1.90 a day (2011 PPP) (% of population),SI.POV.DDAY,,,,,,,,,,,,,,,,,,,,,,,,,,,,,6.1,,4.6,,,9.8,,,3.4,,,2.6,,,2.7,,1.7,,,,,,,,,,,,,,,,,
Jordan,JOR,Poverty headcount ratio at $1.90 a day (2011 PPP) (% of population),SI.POV.DDAY,,,,,,,,,,,,,,,,,,,,,,,,,,,0,,,,,,2.7,,,,,1.5,,,,,1,,,,0.3,,0.1,,0.1,,,,,,,,,,,
Japan,JPN,Poverty headcount ratio at $1.90 a day (2011 PPP) (% of population),SI.POV.DDAY,,,,,,,,,,,,,,,,,,,,,,,,,,,,,,,,,,,,,,,,,,,,,,,,,0.5,,0,,,0.7,,,,,,,,
Kazakhstan,KAZ,Poverty headcount ratio at $1.90 a day (2011 PPP) (% of population),SI.POV.DDAY,,,,,,,,,,,,,,,,,,,,,,,,,,,,,,,,,,,,,5.9,,,,,8.9,5.6,3.7,1.8,5.8,0.5,0.2,0,0.1,0.1,0,0,0,0,0,0,0,0,,,
Kenya,KEN,Poverty headcount ratio at $1.90 a day (2011 PPP) (% of population),SI.POV.DDAY,,,,,,,,,,,,,,,,,,,,,,,,,,,,,,,,,31.7,,31.7,,,32.2,,,,,,,,43.9,,,,,,,,,,37.1,,,,,,
Kyrgyz Republic,KGZ,Poverty headcount ratio at $1.90 a day (2011 PPP) (% of population),SI.POV.DDAY,,,,,,,,,,,,,,,,,,,,,,,,,,,,,,,,,,,,,,,,,35.1,31.4,28.3,22.3,9.9,12.1,7.3,7.9,2.9,1.4,2.8,0.9,2.5,2.2,0.9,1.8,1,1.1,0.6,0.6,1.1,
Cambodia,KHM,Poverty headcount ratio at $1.90 a day (2011 PPP) (% of population),SI.POV.DDAY,,,,,,,,,,,,,,,,,,,,,,,,,,,,,,,,,,,,,,,,,,,,,,,,,,,,,,,,,,,,,,
Kiribati,KIR,Poverty headcount ratio at $1.90 a day (2011 PPP) (% of population),SI.POV.DDAY,,,,,,,,,,,,,,,,,,,,,,,,,,,,,,,,,,,,,,,,,,,,,,,12.9,,,,,,,,,,,,,1.3,,
St. Kitts and Nevis,KNA,Poverty headcount ratio at $1.90 a day (2011 PPP) (% of population),SI.POV.DDAY,,,,,,,,,,,,,,,,,,,,,,,,,,,,,,,,,,,,,,,,,,,,,,,,,,,,,,,,,,,,,,
"Korea, Rep.",KOR,Poverty headcount ratio at $1.90 a day (2011 PPP) (% of population),SI.POV.DDAY,,,,,,,,,,,,,,,,,,,,,,,,,,,,,,,,,,,,,,,,,,,,,,,0.2,,0.2,,0.5,,0.2,,0.2,,0.2,,,,,
Kuwait,KWT,Poverty headcount ratio at $1.90 a day (2011 PPP) (% of population),SI.POV.DDAY,,,,,,,,,,,,,,,,,,,,,,,,,,,,,,,,,,,,,,,,,,,,,,,,,,,,,,,,,,,,,,
Latin America & Caribbean (excluding high income),LAC,Poverty headcount ratio at $1.90 a day (2011 PPP) (% of population),SI.POV.DDAY,,,,,,,,,,,,,,,,,,,,,,,,,,,,,,,,,,,,,,,,,,,,,,,,,,,,,,,,,,,,,,
Lao PDR,LAO,Poverty headcount ratio at $1.90 a day (2011 PPP) (% of population),SI.POV.DDAY,,,,,,,,,,,,,,,,,,,,,,,,,,,,,,,,,31.1,,,,,50.7,,,,,32.1,,,,,25.7,,,,,14.5,,,,,,10,,,
Lebanon,LBN,Poverty headcount ratio at $1.90 a day (2011 PPP) (% of population),SI.POV.DDAY,,,,,,,,,,,,,,,,,,,,,,,,,,,,,,,,,,,,,,,,,,,,,,,,,,,,0,,,,,,,,,,
Liberia,LBR,Poverty headcount ratio at $1.90 a day (2011 PPP) (% of population),SI.POV.DDAY,,,,,,,,,,,,,,,,,,,,,,,,,,,,,,,,,,,,,,,,,,,,,,,,71.4,,,,,,,41.7,,44.4,,,,,
Libya,LBY,Poverty headcount ratio at $1.90 a day (2011 PPP) (% of population),SI.POV.DDAY,,,,,,,,,,,,,,,,,,,,,,,,,,,,,,,,,,,,,,,,,,,,,,,,,,,,,,,,,,,,,,
St. Lucia,LCA,Poverty headcount ratio at $1.90 a day (2011 PPP) (% of population),SI.POV.DDAY,,,,,,,,,,,,,,,,,,,,,,,,,,,,,,,,,,,,34.7,,,,,,,,,,,,,,,,,,,,,4.6,,,,,
Latin America & Caribbean,LCN,Poverty headcount ratio at $1.90 a day (2011 PPP) (% of population),SI.POV.DDAY,,,,,,,,,,,,,,,,,,,,,,13.8,14.5,17.2,17,15.8,11.4,14,15,14.4,15.6,14.7,14.7,14.6,13.5,13.6,15.3,14.4,13.7,13.9,12.8,12.5,11.9,11.4,10.4,9.8,8,7.6,7.1,6.7,6.1,5.6,4.7,4.2,4,3.9,4.1,4.1,4,4.1,,
Least developed countries: UN classification,LDC,Poverty headcount ratio at $1.90 a day (2011 PPP) (% of population),SI.POV.DDAY,,,,,,,,,,,,,,,,,,,,,,,,,,,,,,,,,,,,,,,,,,,,,,,,,,,,,,,,,,,,,,
Low income,LIC,Poverty headcount ratio at $1.90 a day (2011 PPP) (% of population),SI.POV.DDAY,,,,,,,,,,,,,,,,,,,,,,,,,,,,,,,,,,,,64.4,63,62.4,61.9,61.2,60.3,59.5,60,58.6,55.5,53.8,53,51.8,50.2,50.6,48.7,49.1,47.3,46.3,45.5,46.6,46.3,46,45,,,
Liechtenstein,LIE,Poverty headcount ratio at $1.90 a day (2011 PPP) (% of population),SI.POV.DDAY,,,,,,,,,,,,,,,,,,,,,,,,,,,,,,,,,,,,,,,,,,,,,,,,,,,,,,,,,,,,,,
Sri Lanka,LKA,Poverty headcount ratio at $1.90 a day (2011 PPP) (% of population),SI.POV.DDAY,,,,,,,,,,,,,,,,,,,,,,,,,,14.1,,,,,9.3,,,,,9.5,,,,,,,8.8,,,,4.4,,,2.8,,,1.9,,,,0.9,,,,,
Lower middle income,LMC,Poverty headcount ratio at $1.90 a day (2011 PPP) (% of population),SI.POV.DDAY,,,,,,,,,,,,,,,,,,,,,,51.5,51.4,50.3,49.3,48.4,48,47.7,46.6,46,44.8,44.4,43.6,43.1,42.4,40.9,39.5,39.4,40.4,37.9,,36.7,35,34,32.5,30.8,30,28.2,27,25.7,23.4,19.6,18.4,16.8,15.4,14.2,13,11.9,10.9,,,
Low & middle income,LMY,Poverty headcount ratio at $1.90 a day (2011 PPP) (% of population),SI.POV.DDAY,,,,,,,,,,,,,,,,,,,,,,53.9,53.1,51.9,49.6,47.5,45.8,44.3,42,45.7,44.9,44.3,43.1,41.9,40.5,38.1,36.2,35.9,36.2,34.9,33.6,32.6,30.9,29.4,27.2,25,24.1,22.7,21.8,20.8,19.1,16.4,15.4,13.4,12.6,12,11.4,10.8,,,,
Lesotho,LSO,Poverty headcount ratio at $1.90 a day (2011 PPP) (% of population),SI.POV.DDAY,,,,,,,,,,,,,,,,,,,,,,,,,,,49.6,,,,,,,,50.5,,,,,,,,61.9,,,,,,,,,,,,,,,27.2,,,,
Late-demographic dividend,LTE,Poverty headcount ratio at $1.90 a day (2011 PPP) (% of population),SI.POV.DDAY,,,,,,,,,,,,,,,,,,,,,,,,,,,,,,,,,,,,,,,,,,,,,,,,,,,,,,,,,,,,,,
Lithuania,LTU,Poverty headcount ratio at $1.90 a day (2011 PPP) (% of population),SI.POV.DDAY,,,,,,,,,,,,,,,,,,,,,,,,,,,,,,,,,,,,,,,,,,,,,2.7,1.8,1.5,1.3,1.4,2.2,1.5,0.7,0.9,0.7,1.3,0.7,1.3,1,0.9,0.5,,
Luxembourg,LUX,Poverty headcount ratio at $1.90 a day (2011 PPP) (% of population),SI.POV.DDAY,,,,,,,,,,,,,,,,,,,,,,,,,,0,,,,,,0,,,0,,,0,,,0,,,0.1,0,0,0,0,0,0,0,0.1,0,0.1,0.1,0.3,0.1,0.3,0.3,0.1,,
Latvia,LVA,Poverty headcount ratio at $1.90 a day (2011 PPP) (% of population),SI.POV.DDAY,,,,,,,,,,,,,,,,,,,,,,,,,,,,,,,,,,,,,,,,,,,,,2.4,2.3,1.5,0.6,1.2,1.7,1.6,1,1,1.1,0.8,0.6,0.6,0.8,0.3,0.2,,
"Macao SAR, China",MAC,Poverty headcount ratio at $1.90 a day (2011 PPP) (% of population),SI.POV.DDAY,,,,,,,,,,,,,,,,,,,,,,,,,,,,,,,,,,,,,,,,,,,,,,,,,,,,,,,,,,,,,,
St. Martin (French part),MAF,Poverty headcount ratio at $1.90 a day (2011 PPP) (% of population),SI.POV.DDAY,,,,,,,,,,,,,,,,,,,,,,,,,,,,,,,,,,,,,,,,,,,,,,,,,,,,,,,,,,,,,,
Morocco,MAR,Poverty headcount ratio at $1.90 a day (2011 PPP) (% of population),SI.POV.DDAY,,,,,,,,,,,,,,,,,,,,,,,,,10.6,,,,,,2.9,,,,,,,,6.4,,5.8,,,,,,3,,,,,,,0.9,,,,,,,,
Monaco,MCO,Poverty headcount ratio at $1.90 a day (2011 PPP) (% of population),SI.POV.DDAY,,,,,,,,,,,,,,,,,,,,,,,,,,,,,,,,,,,,,,,,,,,,,,,,,,,,,,,,,,,,,,
Moldova,MDA,Poverty headcount ratio at $1.90 a day (2011 PPP) (% of population),SI.POV.DDAY,,,,,,,,,,,,,,,,,,,,,,,,,,,,,,,,,,,,,,15.4,26.9,38,35.1,26.9,16.1,7.4,8.4,13.2,2.4,1.1,1.2,1,0.5,0.3,0.3,0.1,0,0,0.2,0.1,0,0,,
Madagascar,MDG,Poverty headcount ratio at $1.90 a day (2011 PPP) (% of population),SI.POV.DDAY,,,,,,,,,,,,,,,,,,,,,45.8,,,,,,,,,,,,,69.9,,,,66.4,,63.9,,68.4,,,,71.7,,,,,78.2,,78.8,,,,,,,,,
Maldives,MDV,Poverty headcount ratio at $1.90 a day (2011 PPP) (% of population),SI.POV.DDAY,,,,,,,,,,,,,,,,,,,,,,,,,,,,,,,,,,,,,,,,,,,6.5,,,,,,,3.5,,,,,,,0,,,0,,
Middle East & North Africa,MEA,Poverty headcount ratio at $1.90 a day (2011 PPP) (% of population),SI.POV.DDAY,,,,,,,,,,,,,,,,,,,,,,,,,,8.2,8.4,8.6,8.4,8.4,6.6,10.2,8.2,6.7,6.4,6.6,5.9,5,4,3.7,3.3,3.3,,4.2,3.3,3.1,2.9,2.8,2.7,2.5,2.1,2.3,2.2,2.2,2.5,4.3,5.3,6.4,7.1,,,
Mexico,MEX,Poverty headcount ratio at $1.90 a day (2011 PPP) (% of population),SI.POV.DDAY,,,,,,,,,,,,,,,,,,,,,,,,,,,,,,9.1,,,7.4,,7.5,,18.1,,12.9,,9,,6.6,,6,6.6,4.2,,5.4,,4.5,,3.8,,3.7,,3.2,,2.7,,3.1,
Marshall Islands,MHL,Poverty headcount ratio at $1.90 a day (2011 PPP) (% of population),SI.POV.DDAY,,,,,,,,,,,,,,,,,,,,,,,,,,,,,,,,,,,,,,,,,,,,,,,,,,,,,,,,,,,,0.8,,
Middle income,MIC,Poverty headcount ratio at $1.90 a day (2011 PPP) (% of population),SI.POV.DDAY,,,,,,,,,,,,,,,,,,,,,,,,,,,,,,,,,,,,,,,,,,,,,,,,,,,,,,,,,,,,,,
North Macedonia,MKD,Poverty headcount ratio at $1.90 a day (2011 PPP) (% of population),SI.POV.DDAY,,,,,,,,,,,,,,,,,,,,,,,,,,,,,,,,,,,,,,,,,,,,,,,,,,9.8,10.4,9.1,6.9,5.2,4.5,5.5,4.3,4.6,3.4,,,
Mali,MLI,Poverty headcount ratio at $1.90 a day (2011 PPP) (% of population),SI.POV.DDAY,,,,,,,,,,,,,,,,,,,,,,,,,,,,,,,,,,,85.3,,,,,,,58.8,,,,,52.1,,,50.3,,,,,,,,,16.3,,,
Malta,MLT,Poverty headcount ratio at $1.90 a day (2011 PPP) (% of population),SI.POV.DDAY,,,,,,,,,,,,,,,,,,,,,,,,,,,,,,,,,,,,,,,,,,,,,,,0.4,0.4,0.1,0.4,0.2,0.2,0.1,0,0,0.1,0.1,0.2,0.1,0.3,,
Myanmar,MMR,Poverty headcount ratio at $1.90 a day (2011 PPP) (% of population),SI.POV.DDAY,,,,,,,,,,,,,,,,,,,,,,,,,,,,,,,,,,,,,,,,,,,,,,,,,,,,,,,,4.8,,1.4,,,,
Middle East & North Africa (excluding high income),MNA,Poverty headcount ratio at $1.90 a day (2011 PPP) (% of population),SI.POV.DDAY,,,,,,,,,,,,,,,,,,,,,,,,,,,,,,,,,,,,,,,,,,,,,,,,,,,,,,,,,,,,,,
Montenegro,MNE,Poverty headcount ratio at $1.90 a day (2011 PPP) (% of population),SI.POV.DDAY,,,,,,,,,,,,,,,,,,,,,,,,,,,,,,,,,,,,,,,,,,,,,,,,,,,,,3.4,3.2,1.7,1.4,2.5,3.4,2.9,,,
Mongolia,MNG,Poverty headcount ratio at $1.90 a day (2011 PPP) (% of population),SI.POV.DDAY,,,,,,,,,,,,,,,,,,,,,,,,,,,,,,,,,,,,12.1,,,24.4,,,,9.5,,,,,1.2,,,0.7,0.5,0.4,,0.2,,0.5,,0.5,,,
Northern Mariana Islands,MNP,Poverty headcount ratio at $1.90 a day (2011 PPP) (% of population),SI.POV.DDAY,,,,,,,,,,,,,,,,,,,,,,,,,,,,,,,,,,,,,,,,,,,,,,,,,,,,,,,,,,,,,,
Mozambique,MOZ,Poverty headcount ratio at $1.90 a day (2011 PPP) (% of population),SI.POV.DDAY,,,,,,,,,,,,,,,,,,,,,,,,,,,,,,,,,,,,,82,,,,,,79.8,,,,,,69.7,,,,,,63.7,,,,,,,
Mauritania,MRT,Poverty headcount ratio at $1.90 a day (2011 PPP) (% of population),SI.POV.DDAY,,,,,,,,,,,,,,,,,,,,,,,,,,,,40,,,,,,41.1,,20.6,,,,,20.4,,,,16.9,,,,10.9,,,,,,6,,,,,,,
Mauritius,MUS,Poverty headcount ratio at $1.90 a day (2011 PPP) (% of population),SI.POV.DDAY,,,,,,,,,,,,,,,,,,,,,,,,,,,,,,,,,,,,,,,,,,,,,,,0.4,,,,,,0.6,,,,,0.2,,,,
Malawi,MWI,Poverty headcount ratio at $1.90 a day (2011 PPP) (% of population),SI.POV.DDAY,,,,,,,,,,,,,,,,,,,,,,,,,,,,,,,,,,,,,,62.4,,,,,,,72.5,,,,,,71.1,,,,,,69.2,,,73.5,,
Malaysia,MYS,Poverty headcount ratio at $1.90 a day (2011 PPP) (% of population),SI.POV.DDAY,,,,,,,,,,,,,,,,,,,,,,,,,2.9,,,2.1,,1.6,,,1.3,,,1.8,,0.4,,,,,,1.2,,,0.6,,0.6,,,0.1,,0,,0,,,,,,
North America,NAC,Poverty headcount ratio at $1.90 a day (2011 PPP) (% of population),SI.POV.DDAY,,,,,,,,,,,,,,,,,,,,,,,,,,,,,,,,,,,,,,,,,,,,,,,,,,,,,,,,,,,,,,
Namibia,NAM,Poverty headcount ratio at $1.90 a day (2011 PPP) (% of population),SI.POV.DDAY,,,,,,,,,,,,,,,,,,,,,,,,,,,,,,,,,,,,,,,,,,,,32.6,,,,,,23.5,,,,,,13.8,,,,,,
New Caledonia,NCL,Poverty headcount ratio at $1.90 a day (2011 PPP) (% of population),SI.POV.DDAY,,,,,,,,,,,,,,,,,,,,,,,,,,,,,,,,,,,,,,,,,,,,,,,,,,,,,,,,,,,,,,
Niger,NER,Poverty headcount ratio at $1.90 a day (2011 PPP) (% of population),SI.POV.DDAY,,,,,,,,,,,,,,,,,,,,,,,,,,,,,,,,,78.5,,81.6,,,,,,,,,,,75.3,,72.4,,,,50.6,,,45.4,,,,41.4,,,
Nigeria,NGA,Poverty headcount ratio at $1.90 a day (2011 PPP) (% of population),SI.POV.DDAY,,,,,,,,,,,,,,,,,,,,,,,,,,55.5,,,,,,,58.6,,,,64.9,,,,,,,55.9,,,,,,,,,,,,,,,39.1,,,
Nicaragua,NIC,Poverty headcount ratio at $1.90 a day (2011 PPP) (% of population),SI.POV.DDAY,,,,,,,,,,,,,,,,,,,,,,,,,,,,,,,,,,36.7,,,,,24.5,,,16.9,,,,8.5,,,,7.4,,,,,3.4,,,,,,,
Netherlands,NLD,Poverty headcount ratio at $1.90 a day (2011 PPP) (% of population),SI.POV.DDAY,,,,,,,,,,,,,,,,,,,,,,,,0.5,,,,0.2,,,1,,,1,,,,,,0.2,,,,,0.2,0.1,0,0,0.1,0.1,0,0.1,0.1,0.1,0.1,0.1,0,0.2,0.1,0.1,,
Norway,NOR,Poverty headcount ratio at $1.90 a day (2011 PPP) (% of population),SI.POV.DDAY,,,,,,,,,,,,,,,,,,,,0.2,,,,,,,0.2,,,,,0.2,,,,0.2,,,,,0.2,,,0.2,0.3,0.2,0.1,0.1,0.2,0.1,0.2,0.1,0.1,0.1,0.1,0.1,0.3,0.3,0.3,0.2,,
Nepal,NPL,Poverty headcount ratio at $1.90 a day (2011 PPP) (% of population),SI.POV.DDAY,,,,,,,,,,,,,,,,,,,,,,,,,,,,,,,,,,,,66,,,,,,,,49.9,,,,,,,15,,,,,,,,,,,
Nauru,NRU,Poverty headcount ratio at $1.90 a day (2011 PPP) (% of population),SI.POV.DDAY,,,,,,,,,,,,,,,,,,,,,,,,,,,,,,,,,,,,,,,,,,,,,,,,,,,,,0.9,,,,,,,,,
New Zealand,NZL,Poverty headcount ratio at $1.90 a day (2011 PPP) (% of population),SI.POV.DDAY,,,,,,,,,,,,,,,,,,,,,,,,,,,,,,,,,,,,,,,,,,,,,,,,,,,,,,,,,,,,,,
OECD members,OED,Poverty headcount ratio at $1.90 a day (2011 PPP) (% of population),SI.POV.DDAY,,,,,,,,,,,,,,,,,,,,,,,,,,,,,,,,,,,,,,,,,,,,,,,,,,,,,,,,,,,,,,
Oman,OMN,Poverty headcount ratio at $1.90 a day (2011 PPP) (% of population),SI.POV.DDAY,,,,,,,,,,,,,,,,,,,,,,,,,,,,,,,,,,,,,,,,,,,,,,,,,,,,,,,,,,,,,,
Other small states,OSS,Poverty headcount ratio at $1.90 a day (2011 PPP) (% of population),SI.POV.DDAY,,,,,,,,,,,,,,,,,,,,,,,,,,,,,,,,,,,,,,,,,,,,,,,,,,,,,,,,,,,,,,
Pakistan,PAK,Poverty headcount ratio at $1.90 a day (2011 PPP) (% of population),SI.POV.DDAY,,,,,,,,,,,,,,,,,,,,,,,,,,,,64.1,,,60.6,,,,,,18.3,,25.4,,,28.2,,,16.7,16.6,,11.9,,,7.4,7.2,,5.7,,3.8,,,3.6,,,
Panama,PAN,Poverty headcount ratio at $1.90 a day (2011 PPP) (% of population),SI.POV.DDAY,,,,,,,,,,,,,,,,,,,,8.1,,,,,,,,,,23.9,,21.9,,,,16.3,,15,15.2,13.4,12.3,15.4,11.1,11.1,10.1,9.9,10.5,7.8,5.2,3.2,4.5,3,4.1,2.8,3.5,2,2.2,2.5,1.7,1.2,,
Peru,PER,Poverty headcount ratio at $1.90 a day (2011 PPP) (% of population),SI.POV.DDAY,,,,,,,,,,,,,,,,,,,,,,,,,,,,,,,,,,,,,,17.3,16.4,17,16.4,17.3,15.1,12,13.6,15.4,13.5,11.1,9.1,7.1,5.5,5.2,4.8,4.4,3.7,3.6,3.5,3.4,2.7,2.2,4.4,
Philippines,PHL,Poverty headcount ratio at $1.90 a day (2011 PPP) (% of population),SI.POV.DDAY,,,,,,,,,,,,,,,,,,,,,,,,,,,,,,,,,,,,,,,,,13.7,,,13,,,14.4,,,10.7,,,10.4,,,6.1,,,2.7,,,
Palau,PLW,Poverty headcount ratio at $1.90 a day (2011 PPP) (% of population),SI.POV.DDAY,,,,,,,,,,,,,,,,,,,,,,,,,,,,,,,,,,,,,,,,,,,,,,,,,,,,,,,,,,,,,,
Papua New Guinea,PNG,Poverty headcount ratio at $1.90 a day (2011 PPP) (% of population),SI.POV.DDAY,,,,,,,,,,,,,,,,,,,,,,,,,,,,,,,,,,,,,50.9,,,,,,,,,,,,,38,,,,,,,,,,,,
Poland,POL,Poverty headcount ratio at $1.90 a day (2011 PPP) (% of population),SI.POV.DDAY,,,,,,,,,,,,,,,,,,,,,,,,,,,,,,,,,,,,,,,,,,,,,2.1,0.9,0.6,0.4,0.2,0.3,0.3,0.3,0.2,0.4,0.3,0.4,0.2,0.3,0.2,,,
Pre-demographic dividend,PRE,Poverty headcount ratio at $1.90 a day (2011 PPP) (% of population),SI.POV.DDAY,,,,,,,,,,,,,,,,,,,,,,,,,,,,,,,,,,,,,,,,,,,,,,,,,,,,,,,,,,,,,,
Puerto Rico,PRI,Poverty headcount ratio at $1.90 a day (2011 PPP) (% of population),SI.POV.DDAY,,,,,,,,,,,,,,,,,,,,,,,,,,,,,,,,,,,,,,,,,,,,,,,,,,,,,,,,,,,,,,
"Korea, Dem. People's Rep.",PRK,Poverty headcount ratio at $1.90 a day (2011 PPP) (% of population),SI.POV.DDAY,,,,,,,,,,,,,,,,,,,,,,,,,,,,,,,,,,,,,,,,,,,,,,,,,,,,,,,,,,,,,,
Portugal,PRT,Poverty headcount ratio at $1.90 a day (2011 PPP) (% of population),SI.POV.DDAY,,,,,,,,,,,,,,,,,,,,,,,,,,,,,,,,,,,,,,,,,,,,0.9,0.5,0.5,0.1,0.3,0.1,0.2,0.1,0.5,0.7,0.8,0.5,0.5,0.4,0.4,0.3,0.1,,
Paraguay,PRY,Poverty headcount ratio at $1.90 a day (2011 PPP) (% of population),SI.POV.DDAY,,,,,,,,,,,,,,,,,,,,,,,,,,,,,,,1,,,,,11.9,,10.4,,9.9,,8.6,12.8,7.8,5.4,5.8,7.6,7.4,3.9,5.4,5.2,4.6,3.2,1.7,2.2,1.7,1.5,0.9,1.3,0.9,0.8,
West Bank and Gaza,PSE,Poverty headcount ratio at $1.90 a day (2011 PPP) (% of population),SI.POV.DDAY,,,,,,,,,,,,,,,,,,,,,,,,,,,,,,,,,,,,,,,,,,,,,0.8,0.7,0.3,1.5,,0.3,0.2,0.2,,,,,0.8,,,,,
Pacific island small states,PSS,Poverty headcount ratio at $1.90 a day (2011 PPP) (% of population),SI.POV.DDAY,,,,,,,,,,,,,,,,,,,,,,,,,,,,,,,,,,,,,,,,,,,,,,,,,,,,,,,,,,,,,,
Post-demographic dividend,PST,Poverty headcount ratio at $1.90 a day (2011 PPP) (% of population),SI.POV.DDAY,,,,,,,,,,,,,,,,,,,,,,,,,,,,,,,,,,,,,,,,,,,,,,,,,,,,,,,,,,,,,,
French Polynesia,PYF,Poverty headcount ratio at $1.90 a day (2011 PPP) (% of population),SI.POV.DDAY,,,,,,,,,,,,,,,,,,,,,,,,,,,,,,,,,,,,,,,,,,,,,,,,,,,,,,,,,,,,,,
Qatar,QAT,Poverty headcount ratio at $1.90 a day (2011 PPP) (% of population),SI.POV.DDAY,,,,,,,,,,,,,,,,,,,,,,,,,,,,,,,,,,,,,,,,,,,,,,,,,,,,,,,,,,,,,,
Romania,ROU,Poverty headcount ratio at $1.90 a day (2011 PPP) (% of population),SI.POV.DDAY,,,,,,,,,,,,,,,,,,,,,,,,,,,,,,,,,,,,,,,,,,,,,,,6.6,4.9,3.7,2.8,3.8,4.9,5.6,6,6.5,4.6,2.8,3.1,2.4,2,,
Russian Federation,RUS,Poverty headcount ratio at $1.90 a day (2011 PPP) (% of population),SI.POV.DDAY,,,,,,,,,,,,,,,,,,,,,,,,,,,,,,,,,,,,,,,,,,,,,,,,,,,,,,,0.3,0.3,0.3,0.3,0.1,,,
Rwanda,RWA,Poverty headcount ratio at $1.90 a day (2011 PPP) (% of population),SI.POV.DDAY,,,,,,,,,,,,,,,,,,,,,,,,,,,,,,,,,,,,,,,,,78,,,,,69.1,,,,,63.2,,,57.9,,,56.5,,,,,
South Asia,SAS,Poverty headcount ratio at $1.90 a day (2011 PPP) (% of population),SI.POV.DDAY,,,,,,,,,,,,,,,,,,,,,,58.2,57.8,56.1,54.5,53.1,52.4,51.7,50.4,49.9,49.5,48.9,47.1,46,45.2,43.3,42,,,,,,39.6,38.5,36.8,34.9,33.5,31.8,30.4,29.3,26.7,20.5,19.2,17,15.3,,,,,,,
Saudi Arabia,SAU,Poverty headcount ratio at $1.90 a day (2011 PPP) (% of population),SI.POV.DDAY,,,,,,,,,,,,,,,,,,,,,,,,,,,,,,,,,,,,,,,,,,,,,,,,,,,,,,,,,,,,,,
Sudan,SDN,Poverty headcount ratio at $1.90 a day (2011 PPP) (% of population),SI.POV.DDAY,,,,,,,,,,,,,,,,,,,,,,,,,,,,,,,,,,,,,,,,,,,,,,,,,,15.7,,,,,12.2,,,,,,,
Senegal,SEN,Poverty headcount ratio at $1.90 a day (2011 PPP) (% of population),SI.POV.DDAY,,,,,,,,,,,,,,,,,,,,,,,,,,,,,,,,68.4,,,57.4,,,,,,,49.5,,,,38.3,,,,,,38.5,,,,,,,7.6,,,
Singapore,SGP,Poverty headcount ratio at $1.90 a day (2011 PPP) (% of population),SI.POV.DDAY,,,,,,,,,,,,,,,,,,,,,,,,,,,,,,,,,,,,,,,,,,,,,,,,,,,,,,,,,,,,,,
Solomon Islands,SLB,Poverty headcount ratio at $1.90 a day (2011 PPP) (% of population),SI.POV.DDAY,,,,,,,,,,,,,,,,,,,,,,,,,,,,,,,,,,,,,,,,,,,,,,48.6,,,,,,,24.7,,,,,,,,,
Sierra Leone,SLE,Poverty headcount ratio at $1.90 a day (2011 PPP) (% of population),SI.POV.DDAY,,,,,,,,,,,,,,,,,,,,,,,,,,,,,,72.9,,,,,,,,,,,,,,73,,,,,,,,54.7,,,,,,,43,,,
El Salvador,SLV,Poverty headcount ratio at $1.90 a day (2011 PPP) (% of population),SI.POV.DDAY,,,,,,,,,,,,,,,,,,,,,,,,,,,,,,18.2,,20.9,,,,12.7,14.5,,20.3,16.5,12.4,13.6,14.1,15.1,11,10.6,7.1,4.7,7,6.8,5.7,4.7,4.2,3.4,3.1,2,2.3,1.9,1.5,1.3,,
San Marino,SMR,Poverty headcount ratio at $1.90 a day (2011 PPP) (% of population),SI.POV.DDAY,,,,,,,,,,,,,,,,,,,,,,,,,,,,,,,,,,,,,,,,,,,,,,,,,,,,,,,,,,,,,,
Somalia,SOM,Poverty headcount ratio at $1.90 a day (2011 PPP) (% of population),SI.POV.DDAY,,,,,,,,,,,,,,,,,,,,,,,,,,,,,,,,,,,,,,,,,,,,,,,,,,,,,,,,,,68.6,,,,
Serbia,SRB,Poverty headcount ratio at $1.90 a day (2011 PPP) (% of population),SI.POV.DDAY,,,,,,,,,,,,,,,,,,,,,,,,,,,,,,,,,,,,,,,,,,,,,,,,,,,,,5.3,5.8,6.9,6.6,6.4,5.4,2.9,2.3,,
Sub-Saharan Africa (excluding high income),SSA,Poverty headcount ratio at $1.90 a day (2011 PPP) (% of population),SI.POV.DDAY,,,,,,,,,,,,,,,,,,,,,,,,,,,,,,,,,,,,,,,,,,,,,,,,,,,,,,,,,,,,,,
South Sudan,SSD,Poverty headcount ratio at $1.90 a day (2011 PPP) (% of population),SI.POV.DDAY,,,,,,,,,,,,,,,,,,,,,,,,,,,,,,,,,,,,,,,,,,,,,,,,,,44.9,,,,,,,76.5,,,,,
Sub-Saharan Africa,SSF,Poverty headcount ratio at $1.90 a day (2011 PPP) (% of population),SI.POV.DDAY,,,,,,,,,,,,,,,,,,,,,,,,,,,,,,,55.1,56.8,58.3,59.7,60.2,59.7,58.7,58.5,58.4,58.2,57.8,57.1,56.2,55.2,52.7,51.1,49.9,48.7,47.4,47,45.3,44.9,43.5,42.5,41.4,41.3,40.9,40,38.9,38.3,,
Small states,SST,Poverty headcount ratio at $1.90 a day (2011 PPP) (% of population),SI.POV.DDAY,,,,,,,,,,,,,,,,,,,,,,,,,,,,,,,,,,,,,,,,,,,,,,,,,,,,,,,,,,,,,,
Sao Tome and Principe,STP,Poverty headcount ratio at $1.90 a day (2011 PPP) (% of population),SI.POV.DDAY,,,,,,,,,,,,,,,,,,,,,,,,,,,,,,,,,,,,,,,,,31.4,,,,,,,,,,34.6,,,,,,,25.6,,,,
Suriname,SUR,Poverty headcount ratio at $1.90 a day (2011 PPP) (% of population),SI.POV.DDAY,,,,,,,,,,,,,,,,,,,,,,,,,,,,,,,,,,,,,,,,21.1,,,,,,,,,,,,,,,,,,,,,,
Slovak Republic,SVK,Poverty headcount ratio at $1.90 a day (2011 PPP) (% of population),SI.POV.DDAY,,,,,,,,,,,,,,,,,,,,,,,,,,,,,,,,,,,,,,,,,,,,,0.1,0.2,0.2,0.3,0.4,0.4,0.5,0.4,0.3,0.3,0.6,0.7,1.3,0.2,0.2,0.1,,
Slovenia,SVN,Poverty headcount ratio at $1.90 a day (2011 PPP) (% of population),SI.POV.DDAY,,,,,,,,,,,,,,,,,,,,,,,,,,,,,,,,,,,,,,,,,,,,,0,0.1,0.1,0,0,0,0,0,0,0,0,0,0,0,0,0,,
Sweden,SWE,Poverty headcount ratio at $1.90 a day (2011 PPP) (% of population),SI.POV.DDAY,,,,,,,,7.7,,,,,,,,0.5,,,,,,0.2,,,,,,0.2,,,,,0.2,,,0.2,,,,,0,,,0.3,0.4,1,0.3,0.4,0.6,0.4,0.5,0.5,0.5,0.6,0.5,0.4,0.3,0.2,0.7,0.3,,
Eswatini,SWZ,Poverty headcount ratio at $1.90 a day (2011 PPP) (% of population),SI.POV.DDAY,,,,,,,,,,,,,,,,,,,,,,,,,,,,,,,,,,,82.1,,,,,,48.9,,,,,,,,,43,,,,,,,29.2,,,,,
Sint Maarten (Dutch part),SXM,Poverty headcount ratio at $1.90 a day (2011 PPP) (% of population),SI.POV.DDAY,,,,,,,,,,,,,,,,,,,,,,,,,,,,,,,,,,,,,,,,,,,,,,,,,,,,,,,,,,,,,,
Seychelles,SYC,Poverty headcount ratio at $1.90 a day (2011 PPP) (% of population),SI.POV.DDAY,,,,,,,,,,,,,,,,,,,,,,,,,,,,,,,,,,,,,,,,,,,,,,,,,,,,,,1.2,,,,,0.5,,,
Syrian Arab Republic,SYR,Poverty headcount ratio at $1.90 a day (2011 PPP) (% of population),SI.POV.DDAY,,,,,,,,,,,,,,,,,,,,,,,,,,,,,,,,,,,,,2.1,,,,,,,0.9,,,,,,,,,,,,,,,,,,
Turks and Caicos Islands,TCA,Poverty headcount ratio at $1.90 a day (2011 PPP) (% of population),SI.POV.DDAY,,,,,,,,,,,,,,,,,,,,,,,,,,,,,,,,,,,,,,,,,,,,,,,,,,,,,,,,,,,,,,
Chad,TCD,Poverty headcount ratio at $1.90 a day (2011 PPP) (% of population),SI.POV.DDAY,,,,,,,,,,,,,,,,,,,,,,,,,,,,,,,,,,,,,,,,,,,,60,,,,,,,,38.1,,,,,,,33.2,,,
East Asia & Pacific (IDA & IBRD countries),TEA,Poverty headcount ratio at $1.90 a day (2011 PPP) (% of population),SI.POV.DDAY,,,,,,,,,,,,,,,,,,,,,,,,,,,,,,,,,,,,,,,,,,,,,,,,,,,,,,,,,,,,,,
Europe & Central Asia (IDA & IBRD countries),TEC,Poverty headcount ratio at $1.90 a day (2011 PPP) (% of population),SI.POV.DDAY,,,,,,,,,,,,,,,,,,,,,,,,,,,,,,,,,,,,,,,,,,,,,,,,,,,,,,,,,,,,,,
Togo,TGO,Poverty headcount ratio at $1.90 a day (2011 PPP) (% of population),SI.POV.DDAY,,,,,,,,,,,,,,,,,,,,,,,,,,,,,,,,,,,,,,,,,,,,,,,56.5,,,,,55,,,,51.1,,,24.1,,,
Thailand,THA,Poverty headcount ratio at $1.90 a day (2011 PPP) (% of population),SI.POV.DDAY,,,,,,,,,,,,,,,,,,,,,,19.3,,,,,,,14,,9.2,,6.6,,3.1,,2.2,,1.5,2.5,2.4,,1.1,,0.7,,0.7,0.3,0.1,0.2,0.1,0,0.1,0,0,0,0,0,0,0.1,0,
Tajikistan,TJK,Poverty headcount ratio at $1.90 a day (2011 PPP) (% of population),SI.POV.DDAY,,,,,,,,,,,,,,,,,,,,,,,,,,,,,,,,,,,,,,,,50.7,,,,27,13.3,,,9.2,,4,,,,,,4.1,,,,,,
Turkmenistan,TKM,Poverty headcount ratio at $1.90 a day (2011 PPP) (% of population),SI.POV.DDAY,,,,,,,,,,,,,,,,,,,,,,,,,,,,,,,,,,,,,,,49.8,,,,,,,,,,,,,,,,,,,,,,,
Latin America & the Caribbean (IDA & IBRD countries),TLA,Poverty headcount ratio at $1.90 a day (2011 PPP) (% of population),SI.POV.DDAY,,,,,,,,,,,,,,,,,,,,,,,,,,,,,,,,,,,,,,,,,,,,,,,,,,,,,,,,,,,,,,
Timor-Leste,TLS,Poverty headcount ratio at $1.90 a day (2011 PPP) (% of population),SI.POV.DDAY,,,,,,,,,,,,,,,,,,,,,,,,,,,,,,,,,,,,,,,,,,38.5,,,,,,37.4,,,,,,,22,,,,,,,
Middle East & North Africa (IDA & IBRD countries),TMN,Poverty headcount ratio at $1.90 a day (2011 PPP) (% of population),SI.POV.DDAY,,,,,,,,,,,,,,,,,,,,,,,,,,,,,,,,,,,,,,,,,,,,,,,,,,,,,,,,,,,,,,
Tonga,TON,Poverty headcount ratio at $1.90 a day (2011 PPP) (% of population),SI.POV.DDAY,,,,,,,,,,,,,,,,,,,,,,,,,,,,,,,,,,,,,,,,,2.5,,,,,,,,,1.1,,,,,,1,,,,,,
South Asia (IDA & IBRD),TSA,Poverty headcount ratio at $1.90 a day (2011 PPP) (% of population),SI.POV.DDAY,,,,,,,,,,,,,,,,,,,,,,,,,,,,,,,,,,,,,,,,,,,,,,,,,,,,,,,,,,,,,,
Sub-Saharan Africa (IDA & IBRD countries),TSS,Poverty headcount ratio at $1.90 a day (2011 PPP) (% of population),SI.POV.DDAY,,,,,,,,,,,,,,,,,,,,,,,,,,,,,,,,,,,,,,,,,,,,,,,,,,,,,,,,,,,,,,
Trinidad and Tobago,TTO,Poverty headcount ratio at $1.90 a day (2011 PPP) (% of population),SI.POV.DDAY,,,,,,,,,,,,,,,,,,,,,,,,,,,,,0.4,,,,3.2,,,,,,,,,,,,,,,,,,,,,,,,,,,,,
Tunisia,TUN,Poverty headcount ratio at $1.90 a day (2011 PPP) (% of population),SI.POV.DDAY,,,,,,,,,,,,,,,,,,,,,,,,,,15.1,,,,,10.7,,,,,11.8,,,,,6,,,,,3.4,,,,,2,,,,,0.2,,,,,,
Turkey,TUR,Poverty headcount ratio at $1.90 a day (2011 PPP) (% of population),SI.POV.DDAY,,,,,,,,,,,,,,,,,,,,,,,,,,,,2.2,,,,,,,3,,,,,,,,2.1,3.9,2,2.3,1.8,1.3,0.6,0.7,0.8,0.1,0.1,0.3,0.2,0.2,0.2,0.1,0,0.4,,
Tuvalu,TUV,Poverty headcount ratio at $1.90 a day (2011 PPP) (% of population),SI.POV.DDAY,,,,,,,,,,,,,,,,,,,,,,,,,,,,,,,,,,,,,,,,,,,,,,,,,,,3.3,,,,,,,,,,,
Tanzania,TZA,Poverty headcount ratio at $1.90 a day (2011 PPP) (% of population),SI.POV.DDAY,,,,,,,,,,,,,,,,,,,,,,,,,,,,,,,,72.3,,,,,,,,,86.2,,,,,,,60.3,,,,49.6,,,,,,,49.4,,,
Uganda,UGA,Poverty headcount ratio at $1.90 a day (2011 PPP) (% of population),SI.POV.DDAY,,,,,,,,,,,,,,,,,,,,,,,,,,,,,,58.3,,,64.4,,,,63.4,,,67.5,,,65.6,,,57,,,,45.3,,,35.7,,,,41.3,,,41,,
Ukraine,UKR,Poverty headcount ratio at $1.90 a day (2011 PPP) (% of population),SI.POV.DDAY,,,,,,,,,,,,,,,,,,,,,,,,,,,,,,,,,2.7,1.1,,4.8,5,,,,,,1.5,0.6,0.5,0.2,0.1,0.1,0,0.1,0,0,0,0,0,0,0,0,0,0,0,
Upper middle income,UMC,Poverty headcount ratio at $1.90 a day (2011 PPP) (% of population),SI.POV.DDAY,,,,,,,,,,,,,,,,,,,,,,55.8,54.3,52.7,48.6,45,41.7,39.2,35.2,43.7,42.7,41.8,39.7,37.6,35.1,31.5,28.9,28.3,27.9,27.7,25.1,23.7,21.7,19.5,16.4,13.4,12.2,11,10.3,9.3,8,6,5.1,2.3,2,1.7,1.6,1.6,1.4,1.4,,
Uruguay,URY,Poverty headcount ratio at $1.90 a day (2011 PPP) (% of population),SI.POV.DDAY,,,,,,,,,,,,,,,,,,,,,,,,,,,,,,,,,,,,,,,,,,,,,,,0.5,0.3,0.2,0.2,0.2,0.1,0.2,0.2,0.1,0.1,0.1,0.1,0.1,0.1,0.2,
United States,USA,Poverty headcount ratio at $1.90 a day (2011 PPP) (% of population),SI.POV.DDAY,,,,,,,,,,,,,,,0.5,,,,,0.5,,,,,,,0.5,,,,,0.5,0.5,0.5,0.5,0.5,0.5,0.7,0.7,0.7,0.7,0.7,0.7,1,1,1,1,1,1,1,1,1,1,1,1.2,1.2,1,1.2,1,1,,
Uzbekistan,UZB,Poverty headcount ratio at $1.90 a day (2011 PPP) (% of population),SI.POV.DDAY,,,,,,,,,,,,,,,,,,,,,,,,,,,,,,,,,,,,,,,39.9,,61.5,,57.5,61.6,,,,,,,,,,,,,,,,,,
St. Vincent and the Grenadines,VCT,Poverty headcount ratio at $1.90 a day (2011 PPP) (% of population),SI.POV.DDAY,,,,,,,,,,,,,,,,,,,,,,,,,,,,,,,,,,,,,,,,,,,,,,,,,,,,,,,,,,,,,,
"Venezuela, RB",VEN,Poverty headcount ratio at $1.90 a day (2011 PPP) (% of population),SI.POV.DDAY,,,,,,,,,,,,,,,,,,,,,,6,,,,,,6.3,,5,,,4.3,,,9.4,,,9.8,11.1,,9.3,15.5,18.8,15.8,13.9,6.7,,,,,,,,,,,,,,,
British Virgin Islands,VGB,Poverty headcount ratio at $1.90 a day (2011 PPP) (% of population),SI.POV.DDAY,,,,,,,,,,,,,,,,,,,,,,,,,,,,,,,,,,,,,,,,,,,,,,,,,,,,,,,,,,,,,,
Virgin Islands (U.S.),VIR,Poverty headcount ratio at $1.90 a day (2011 PPP) (% of population),SI.POV.DDAY,,,,,,,,,,,,,,,,,,,,,,,,,,,,,,,,,,,,,,,,,,,,,,,,,,,,,,,,,,,,,,
Vietnam,VNM,Poverty headcount ratio at $1.90 a day (2011 PPP) (% of population),SI.POV.DDAY,,,,,,,,,,,,,,,,,,,,,,,,,,,,,,,,,52.3,,,,,31.4,,,,,37,,25.8,,18.8,,14.1,,4,,2.7,,2.6,,1.8,,1.8,,,
Vanuatu,VUT,Poverty headcount ratio at $1.90 a day (2011 PPP) (% of population),SI.POV.DDAY,,,,,,,,,,,,,,,,,,,,,,,,,,,,,,,,,,,,,,,,,,,,,,,,,,,13.1,,,,,,,,,8.6,,
World,WLD,Poverty headcount ratio at $1.90 a day (2011 PPP) (% of population),SI.POV.DDAY,,,,,,,,,,,,,,,,,,,,,,42.6,42.1,41.3,39.6,38,36.7,35.7,33.9,36.9,36.3,35.9,35,34.1,33.1,31.2,29.7,29.5,29.8,28.8,27.7,26.9,25.6,24.4,22.6,20.8,20.1,18.9,18.2,17.3,15.9,13.7,12.9,11.2,10.6,10.1,9.6,9.1,8.6,,,
Samoa,WSM,Poverty headcount ratio at $1.90 a day (2011 PPP) (% of population),SI.POV.DDAY,,,,,,,,,,,,,,,,,,,,,,,,,,,,,,,,,,,,,,,,,,,2,,,,,,0.6,,,,,1.1,,,,,,,,
Kosovo,XKX,Poverty headcount ratio at $1.90 a day (2011 PPP) (% of population),SI.POV.DDAY,,,,,,,,,,,,,,,,,,,,,,,,,,,,,,,,,,,,,,,,,,,,1.9,,3.5,3.6,,,3.2,2.5,1.7,0.6,0.3,1,0.7,0.8,0.4,,,,
"Yemen, Rep.",YEM,Poverty headcount ratio at $1.90 a day (2011 PPP) (% of population),SI.POV.DDAY,,,,,,,,,,,,,,,,,,,,,,,,,,,,,,,,,,,,,,,7,,,,,,,9.4,,,,,,,,,18.3,,,,,,,
South Africa,ZAF,Poverty headcount ratio at $1.90 a day (2011 PPP) (% of population),SI.POV.DDAY,,,,,,,,,,,,,,,,,,,,,,,,,,,,,,,,,,31.5,,,,,,,34.8,,,,,25.7,,,16.7,,16.2,,,,18.7,,,,,,,
Zambia,ZMB,Poverty headcount ratio at $1.90 a day (2011 PPP) (% of population),SI.POV.DDAY,,,,,,,,,,,,,,,,,,,,,,,,,,,,,,,,55.2,,56.2,,,43.6,,43.8,,,,52.1,,58.4,,62.1,,,,65.8,,,,,58.7,,,,,,
Zimbabwe,ZWE,Poverty headcount ratio at $1.90 a day (2011 PPP) (% of population),SI.POV.DDAY,,,,,,,,,,,,,,,,,,,,,,,,,,,,,,,,,,,,,,,,,,,,,,,,,,,,21.4,,,,,,33.9,,39.5,,